month,flooded_pct,flooded_px,flood_area_km2,near_water_km2,away_water_km2,quality,vh_filter
2025-03,0.0,0,0.0,0.0,0.0,valid,disabled
2025-04,0.0,0,0.0,0.0,0.0,valid,disabled
2025-05,0.0,606,6.1,0.1,6.0,valid,disabled
2025-06,0.01,79,0.8,0.2,0.6,valid,disabled
2025-07,0.0,0,0.0,0.0,0.0,valid,disabled
2025-08,0.0,1,0.0,0.0,0.0,valid,disabled
2025-09,0.16,20985,209.9,0.3,209.5,valid,disabled
2025-10,0.0,0,0.0,0.0,0.0,valid,disabled
2025-11,0.0,47,0.5,0.1,0.4,valid,disabled
2025-12,0.01,90,0.9,0.1,0.8,valid,disabled
2026-01,0.04,139,1.4,0.1,1.3,valid,disabled
2026-02,0.01,1114,11.1,0.1,11.0,valid,disabled
2026-03,0.01,186,1.9,0.0,1.8,valid,disabled
2026-04,0.0,53,0.5,0.0,0.5,valid,disabled
2026-05,0.0,88,0.9,0.0,0.9,valid,disabled
2026-06,0.02,922,9.2,0.1,9.2,valid,disabled
2026-07,0.02,271,2.7,0.1,2.6,valid,disabled
