admin3Name,peak_flood_km2,mean_flood_km2,months_exposed_10km2
Aru,0.0,0.0,0
Beni,0.0,0.0,0
Bukavu,0.0,0.0,0
Butembo,0.0,0.0,0
Djugu,0.0,0.0,0
Fizi,0.0,0.0,0
Goma,0.0,0.0,0
Idjwi,0.0,0.0,0
Irumu,2.98,0.5957142857142858,0
Kabare,0.0,0.0,0
Kalehe,0.0,0.0,0
Lubero,0.0,0.0,0
Mahagi,0.0,0.0,0
Mambasa,4.04,1.04,0
Masisi,0.0,0.0,0
Mwenga,0.0,0.0,0
Nyiragongo,0.0,0.0,0
Oicha,0.0,0.0,0
Rutshuru,3.058,0.6911428571428572,0
Shabunda,0.0,0.0,0
Uvira,0.16,0.025714285714285714,0
Walikale,0.0,0.0,0
Walungu,0.0,0.0,0
