h3_index,2025-05,2025-06,2025-09,2025-12,2026-01,2026-02,2026-06,2026-07
876ac0934ffffff,,,,,,1.569559645338066,,
876ac0935ffffff,,,,,,0.0004877352139968978,,
876ac0a62ffffff,,,,,,,,0.010000000000017462
876ac0a70ffffff,0.06010785420864866,,,,,,0.2933296011410683,0.6486548063728752
876ac0a72ffffff,,,,,,,0.05444739498238764,0.06912228656518983
876ac0a75ffffff,,,,,,,,0.01
876ac0a76ffffff,0.03989215023010458,,,,,,0.14222299461649096,0.1422229974577804
876ac0ac0ffffff,,,,,,,,0.02000000000006985
876ac0ac2ffffff,,,,,,,,0.019999999999976717
876ac0b49ffffff,,,,,,,0.24000000000006985,
876ac0b4bffffff,,,,,,,0.30999999999999417,
876ac0b59ffffff,,,,,,,0.1685311493329664,
876ac0b5bffffff,,,,,,,0.15146884735079383,
876ac429affffff,,,,,,1.065478944975581,,
876ac429bffffff,,,,,,0.23349923532055947,,
876ac4511ffffff,0.2100000000000582,,,,,,,
876ac4528ffffff,0.6270998402802406,,,,,,,
876ac4529ffffff,2.341363262777826,,,,,,,
876ac452dffffff,0.848901615523864,,,,,,,
876ac4669ffffff,,,,,,0.07097443752084821,,
876ac4984ffffff,,,,,,0.0003406990189070729,,
876ac49a2ffffff,,,,,,0.2996593113755469,,
876ac4cdaffffff,0.012635281864535868,,,,,,,
876ac5611ffffff,,0.7852310541358611,,,,,,
876ac5618ffffff,,,,,0.12999999999995343,,,
876ac561cffffff,,0.004768945865896811,,,,,,
876ac561dffffff,,,,,0.019999999999988357,,,
876ac5694ffffff,,,,,,,0.04107330805776436,
876ac5696ffffff,,,,0.17680917504951013,,,1.3095823846998909,
876ada422ffffff,,,,,,,,0.16000000000001163
876adac03ffffff,,,0.000202421944699091,,,,,
876adac1dffffff,,,0.01979757768935182,,,,,
876adc910ffffff,1.6137685308351017,,2.414493999442193,,,,,
876adc912ffffff,0.002973310278029986,,0.07403020137374582,,,,,
876adc914ffffff,,,0.19696977223099854,,,,,
876adc916ffffff,0.16325815364084817,,0.4045055945473213,,,,,
